"data","cpu"
2020-06-05 00:00,40.2%
2020-06-05 00:01,2.7%
2020-06-05 00:02,3.9%
2020-06-05 00:03,2.1%
2020-06-05 00:04,0.8%
2020-06-05 00:05,4.1%
2020-06-05 00:06,0.7%
2020-06-05 00:07,0.7%
2020-06-05 00:08,2.2%
2020-06-05 00:09,0.7%
2020-06-05 00:10,10.2%
2020-06-05 00:11,0.7%
2020-06-05 00:12,9.4%
2020-06-05 00:13,3.7%
2020-06-05 00:14,7.1%
2020-06-05 00:15,4.3%
2020-06-05 00:16,0.9%
2020-06-05 00:17,0.5%
2020-06-05 00:18,5.7%
2020-06-05 00:19,0.7%
2020-06-05 00:20,10.9%
2020-06-05 00:21,0.8%
2020-06-05 00:22,1.6%
2020-06-05 00:23,2.0%
2020-06-05 00:24,15.6%
2020-06-05 00:25,28.0%
2020-06-05 00:26,6.5%
2020-06-05 00:27,0.7%
2020-06-05 00:28,0.9%
2020-06-05 00:29,0.6%
2020-06-05 00:30,10.9%
2020-06-05 00:31,0.7%
2020-06-05 00:32,2.0%
2020-06-05 00:33,3.2%
2020-06-05 00:34,8.0%
2020-06-05 00:35,3.3%
2020-06-05 00:36,0.8%
2020-06-05 00:37,0.7%
2020-06-05 00:38,0.7%
2020-06-05 00:39,0.7%
2020-06-05 00:40,16.0%
2020-06-05 00:41,0.7%
2020-06-05 00:42,1.5%
2020-06-05 00:43,1.6%
2020-06-05 00:44,0.9%
2020-06-05 00:45,4.8%
2020-06-05 00:46,0.7%
2020-06-05 00:47,0.7%
2020-06-05 00:48,6.0%
2020-06-05 00:49,0.7%
2020-06-05 00:50,11.4%
2020-06-05 00:51,0.6%
2020-06-05 00:52,1.7%
2020-06-05 00:53,2.9%
2020-06-05 00:54,2.7%
2020-06-05 00:55,35.3%
2020-06-05 00:56,2.0%
2020-06-05 00:57,8.3%
2020-06-05 00:58,3.7%
2020-06-05 00:59,0.5%
2020-06-05 01:00,50.4%
2020-06-05 01:01,0.9%
2020-06-05 01:02,0.7%
2020-06-05 01:03,6.5%
2020-06-05 01:04,0.5%
2020-06-05 01:05,4.0%
2020-06-05 01:06,0.4%
2020-06-05 01:07,0.5%
2020-06-05 01:08,0.5%
2020-06-05 01:09,0.5%
2020-06-05 01:10,13.8%
2020-06-05 01:11,0.4%
2020-06-05 01:12,2.2%
2020-06-05 01:13,1.7%
2020-06-05 01:14,7.0%
2020-06-05 01:15,3.4%
2020-06-05 01:16,0.3%
2020-06-05 01:17,0.3%
2020-06-05 01:18,4.5%
2020-06-05 01:19,0.4%
2020-06-05 01:20,13.6%
2020-06-05 01:21,0.2%
2020-06-05 01:22,0.7%
2020-06-05 01:23,3.1%
2020-06-05 01:24,17.9%
2020-06-05 01:25,27.0%
2020-06-05 01:26,16.3%
2020-06-05 01:27,0.5%
2020-06-05 01:28,0.3%
2020-06-05 01:29,0.5%
2020-06-05 01:30,14.9%
2020-06-05 01:31,0.3%
2020-06-05 01:32,0.8%
2020-06-05 01:33,2.2%
2020-06-05 01:34,6.6%
2020-06-05 01:35,4.6%
2020-06-05 01:36,0.3%
2020-06-05 01:37,0.2%
2020-06-05 01:38,0.3%
2020-06-05 01:39,0.5%
2020-06-05 01:40,16.5%
2020-06-05 01:41,0.3%
2020-06-05 01:42,1.6%
2020-06-05 01:43,5.8%
2020-06-05 01:44,0.5%
2020-06-05 01:45,4.1%
2020-06-05 01:46,0.3%
2020-06-05 01:47,0.3%
2020-06-05 01:48,6.1%
2020-06-05 01:49,0.3%
2020-06-05 01:50,13.4%
2020-06-05 01:51,0.3%
2020-06-05 01:52,0.3%
2020-06-05 01:53,1.8%
2020-06-05 01:54,4.2%
2020-06-05 01:55,22.9%
2020-06-05 01:56,0.9%
2020-06-05 01:57,2.7%
2020-06-05 01:58,0.7%
2020-06-05 01:59,3.4%
2020-06-05 02:00,11.6%
2020-06-05 02:01,0.5%
2020-06-05 02:02,0.9%
2020-06-05 02:03,0.5%
2020-06-05 02:04,0.5%
2020-06-05 02:05,3.1%
2020-06-05 02:06,0.3%
2020-06-05 02:07,0.3%
2020-06-05 02:08,3.1%
2020-06-05 02:09,0.3%
2020-06-05 02:10,12.0%
2020-06-05 02:11,0.3%
2020-06-05 02:12,1.5%
2020-06-05 02:13,2.7%
2020-06-05 02:14,6.6%
2020-06-05 02:15,12.4%
2020-06-05 02:16,0.3%
2020-06-05 02:17,0.2%
2020-06-05 02:18,1.7%
2020-06-05 02:19,0.3%
2020-06-05 02:20,11.0%
2020-06-05 02:21,0.2%
2020-06-05 02:22,3.1%
2020-06-05 02:23,2.1%
2020-06-05 02:24,13.5%
2020-06-05 02:25,24.6%
2020-06-05 02:26,13.8%
2020-06-05 02:27,0.4%
2020-06-05 02:28,5.5%
2020-06-05 02:29,0.3%
2020-06-05 02:30,12.8%
2020-06-05 02:31,0.3%
2020-06-05 02:32,0.6%
2020-06-05 02:33,3.1%
2020-06-05 02:34,6.8%
2020-06-05 02:35,2.5%
2020-06-05 02:36,0.3%
2020-06-05 02:37,0.3%
2020-06-05 02:38,5.6%
2020-06-05 02:39,0.2%
2020-06-05 02:40,11.7%
2020-06-05 02:41,0.1%
2020-06-05 02:42,0.5%
2020-06-05 02:43,6.7%
2020-06-05 02:44,0.3%
2020-06-05 02:45,3.5%
2020-06-05 02:46,0.3%
2020-06-05 02:47,0.2%
2020-06-05 02:48,5.5%
2020-06-05 02:49,0.3%
2020-06-05 02:50,11.9%
2020-06-05 02:51,0.2%
2020-06-05 02:52,0.6%
2020-06-05 02:53,2.3%
2020-06-05 02:54,4.0%
2020-06-05 02:55,21.6%
2020-06-05 02:56,1.5%
2020-06-05 02:57,1.9%
2020-06-05 02:58,2.1%
2020-06-05 02:59,0.3%
2020-06-05 03:00,12.4%
2020-06-05 03:01,0.4%
2020-06-05 03:02,0.7%
2020-06-05 03:03,4.7%
2020-06-05 03:04,0.4%
2020-06-05 03:05,3.1%
2020-06-05 03:06,0.4%
2020-06-05 03:07,0.3%
2020-06-05 03:08,3.3%
2020-06-05 03:09,0.4%
2020-06-05 03:10,11.3%
2020-06-05 03:11,0.1%
2020-06-05 03:12,0.4%
2020-06-05 03:13,2.4%
2020-06-05 03:14,5.5%
2020-06-05 03:15,3.3%
2020-06-05 03:16,0.5%
2020-06-05 03:17,0.3%
2020-06-05 03:18,3.8%
2020-06-05 03:19,0.1%
2020-06-05 03:20,26.9%
2020-06-05 03:21,0.3%
2020-06-05 03:22,0.5%
2020-06-05 03:23,1.0%
2020-06-05 03:24,12.9%
2020-06-05 03:25,23.0%
2020-06-05 03:26,11.5%
2020-06-05 03:27,0.3%
2020-06-05 03:28,1.4%
2020-06-05 03:29,0.2%
2020-06-05 03:30,4.8%
2020-06-05 03:31,0.2%
2020-06-05 03:32,1.9%
2020-06-05 03:33,2.2%
2020-06-05 03:34,4.6%
2020-06-05 03:35,2.5%
2020-06-05 03:36,0.2%
2020-06-05 03:37,0.2%
2020-06-05 03:38,1.5%
2020-06-05 03:39,0.2%
2020-06-05 03:40,5.9%
2020-06-05 03:41,0.1%
2020-06-05 03:42,2.2%
2020-06-05 03:43,5.1%
2020-06-05 03:44,0.4%
2020-06-05 03:45,2.9%
2020-06-05 03:46,0.3%
2020-06-05 03:47,0.2%
2020-06-05 03:48,3.9%
2020-06-05 03:49,0.3%
2020-06-05 03:50,8.3%
2020-06-05 03:51,0.3%
2020-06-05 03:52,0.4%
2020-06-05 03:53,2.1%
2020-06-05 03:54,3.3%
2020-06-05 03:55,22.2%
2020-06-05 03:56,2.1%
2020-06-05 03:57,7.0%
2020-06-05 03:58,3.8%
2020-06-05 03:59,0.1%
2020-06-05 04:00,8.4%
2020-06-05 04:01,0.3%
2020-06-05 04:02,2.6%
2020-06-05 04:03,4.7%
2020-06-05 04:04,0.3%
2020-06-05 04:05,3.3%
2020-06-05 04:06,0.3%
2020-06-05 04:07,0.2%
2020-06-05 04:08,0.1%
2020-06-05 04:09,0.3%
2020-06-05 04:10,9.9%
2020-06-05 04:11,0.3%
2020-06-05 04:12,0.7%
2020-06-05 04:13,2.3%
2020-06-05 04:14,5.5%
2020-06-05 04:15,3.6%
2020-06-05 04:16,0.2%
2020-06-05 04:17,0.2%
2020-06-05 04:18,3.1%
2020-06-05 04:19,0.3%
2020-06-05 04:20,16.7%
2020-06-05 04:21,0.2%
2020-06-05 04:22,1.5%
2020-06-05 04:23,1.7%
2020-06-05 04:24,12.1%
2020-06-05 04:25,22.2%
2020-06-05 04:26,15.0%
2020-06-05 04:27,0.2%
2020-06-05 04:28,4.7%
2020-06-05 04:29,0.3%
2020-06-05 04:30,10.7%
2020-06-05 04:31,0.2%
2020-06-05 04:32,0.4%
2020-06-05 04:33,2.5%
2020-06-05 04:34,5.1%
2020-06-05 04:35,2.6%
2020-06-05 04:36,0.1%
2020-06-05 04:37,0.2%
2020-06-05 04:38,1.2%
2020-06-05 04:39,0.3%
2020-06-05 04:40,10.7%
2020-06-05 04:41,0.2%
2020-06-05 04:42,0.3%
2020-06-05 04:43,4.8%
2020-06-05 04:44,0.4%
2020-06-05 04:45,3.9%
2020-06-05 04:46,0.3%
2020-06-05 04:47,0.2%
2020-06-05 04:48,4.3%
2020-06-05 04:49,0.3%
2020-06-05 04:50,12.5%
2020-06-05 04:51,0.1%
2020-06-05 04:52,0.3%
2020-06-05 04:53,2.2%
2020-06-05 04:54,1.8%
2020-06-05 04:55,25.7%
2020-06-05 04:56,3.2%
2020-06-05 04:57,0.4%
2020-06-05 04:58,2.5%
2020-06-05 04:59,2.5%
2020-06-05 05:00,12.1%
2020-06-05 05:01,0.4%
2020-06-05 05:02,0.6%
2020-06-05 05:03,3.3%
2020-06-05 05:04,0.3%
2020-06-05 05:05,3.1%
2020-06-05 05:06,0.2%
2020-06-05 05:07,0.1%
2020-06-05 05:08,2.5%
2020-06-05 05:09,0.2%
2020-06-05 05:10,11.7%
2020-06-05 05:11,0.2%
2020-06-05 05:12,1.6%
2020-06-05 05:13,2.2%
2020-06-05 05:14,4.8%
2020-06-05 05:15,4.0%
2020-06-05 05:16,0.4%
2020-06-05 05:17,0.2%
2020-06-05 05:18,4.8%
2020-06-05 05:19,0.3%
2020-06-05 05:20,14.1%
2020-06-05 05:21,0.2%
2020-06-05 05:22,0.4%
2020-06-05 05:23,4.4%
2020-06-05 05:24,13.0%
2020-06-05 05:25,22.9%
2020-06-05 05:26,15.2%
2020-06-05 05:27,0.3%
2020-06-05 05:28,4.9%
2020-06-05 05:29,0.2%
2020-06-05 05:30,7.0%
2020-06-05 05:31,0.2%
2020-06-05 05:32,0.9%
2020-06-05 05:33,2.2%
2020-06-05 05:34,5.2%
2020-06-05 05:35,2.7%
2020-06-05 05:36,0.5%
2020-06-05 05:37,0.2%
2020-06-05 05:38,4.0%
2020-06-05 05:39,0.4%
2020-06-05 05:40,7.8%
2020-06-05 05:41,0.1%
2020-06-05 05:42,1.3%
2020-06-05 05:43,5.5%
2020-06-05 05:44,0.4%
2020-06-05 05:45,2.8%
2020-06-05 05:46,0.3%
2020-06-05 05:47,0.1%
2020-06-05 05:48,5.0%
2020-06-05 05:49,0.2%
2020-06-05 05:50,7.8%
2020-06-05 05:51,0.1%
2020-06-05 05:52,2.5%
2020-06-05 05:53,1.4%
2020-06-05 05:54,4.5%
2020-06-05 05:55,27.0%
2020-06-05 05:56,3.2%
2020-06-05 05:57,1.7%
2020-06-05 05:58,17.1%
2020-06-05 05:59,0.8%
2020-06-05 06:00,9.6%
2020-06-05 06:01,0.8%
2020-06-05 06:02,1.6%
2020-06-05 06:03,7.2%
2020-06-05 06:04,1.8%
2020-06-05 06:05,5.1%
2020-06-05 06:06,2.3%
2020-06-05 06:07,1.7%
2020-06-05 06:08,5.1%
2020-06-05 06:09,1.5%
2020-06-05 06:10,12.1%
2020-06-05 06:11,1.7%
2020-06-05 06:12,2.1%
2020-06-05 06:13,3.4%
2020-06-05 06:14,0.6%
2020-06-05 06:15,5.9%
2020-06-05 06:16,1.1%
2020-06-05 06:17,0.9%
2020-06-05 06:18,5.4%
2020-06-05 06:19,1.1%
2020-06-05 06:20,13.7%
2020-06-05 06:21,1.2%
2020-06-05 06:22,1.7%
2020-06-05 06:23,4.5%
2020-06-05 06:24,4.7%
2020-06-05 06:25,25.2%
2020-06-05 06:26,4.2%
2020-06-05 06:27,1.5%
2020-06-05 06:28,17.7%
2020-06-05 06:29,1.1%
2020-06-05 06:30,12.7%
2020-06-05 06:31,1.0%
2020-06-05 06:32,0.9%
2020-06-05 06:33,1.0%
2020-06-05 06:34,1.2%
2020-06-05 06:35,3.6%
2020-06-05 06:36,1.3%
2020-06-05 06:37,0.8%
2020-06-05 06:38,3.2%
2020-06-05 06:39,9.8%
2020-06-05 06:40,11.7%
2020-06-05 06:41,0.1%
2020-06-05 06:42,0.7%
2020-06-05 06:43,5.3%
2020-06-05 06:44,0.4%
2020-06-05 06:45,3.1%
2020-06-05 06:46,0.4%
2020-06-05 06:47,0.2%
2020-06-05 06:48,5.3%
2020-06-05 06:49,0.2%
2020-06-05 06:50,11.3%
2020-06-05 06:51,0.1%
2020-06-05 06:52,0.3%
2020-06-05 06:53,1.5%
2020-06-05 06:54,2.9%
2020-06-05 06:55,22.1%
2020-06-05 06:56,1.4%
2020-06-05 06:57,2.8%
2020-06-05 06:58,4.4%
2020-06-05 06:59,0.5%
2020-06-05 07:00,12.6%
2020-06-05 07:01,0.3%
2020-06-05 07:02,1.0%
2020-06-05 07:03,2.4%
2020-06-05 07:04,0.3%
2020-06-05 07:05,3.3%
2020-06-05 07:06,0.3%
2020-06-05 07:07,0.3%
2020-06-05 07:08,3.8%
2020-06-05 07:09,0.3%
2020-06-05 07:10,12.3%
2020-06-05 07:11,0.1%
2020-06-05 07:12,0.5%
2020-06-05 07:13,3.5%
2020-06-05 07:14,5.4%
2020-06-05 07:15,3.7%
2020-06-05 07:16,0.2%
2020-06-05 07:17,0.3%
2020-06-05 07:18,20.5%
2020-06-05 07:19,0.3%
2020-06-05 07:20,14.2%
2020-06-05 07:21,0.4%
2020-06-05 07:22,1.6%
2020-06-05 07:23,3.6%
2020-06-05 07:24,13.3%
2020-06-05 07:25,21.9%
2020-06-05 07:26,14.7%
2020-06-05 07:27,0.3%
2020-06-05 07:28,4.8%
2020-06-05 07:29,0.3%
2020-06-05 07:30,12.1%
2020-06-05 07:31,0.2%
2020-06-05 07:32,0.4%
2020-06-05 07:33,2.5%
2020-06-05 07:34,5.1%
2020-06-05 07:35,2.7%
2020-06-05 07:36,0.3%
2020-06-05 07:37,0.3%
2020-06-05 07:38,4.2%
2020-06-05 07:39,0.3%
2020-06-05 07:40,6.3%
2020-06-05 07:41,0.3%
2020-06-05 07:42,1.0%
2020-06-05 07:43,4.9%
2020-06-05 07:44,0.5%
2020-06-05 07:45,3.8%
2020-06-05 07:46,0.3%
2020-06-05 07:47,0.4%
2020-06-05 07:48,4.4%
2020-06-05 07:49,0.3%
2020-06-05 07:50,5.1%
2020-06-05 07:51,0.3%
2020-06-05 07:52,1.7%
2020-06-05 07:53,2.2%
2020-06-05 07:54,3.1%
2020-06-05 07:55,35.8%
2020-06-05 07:56,14.8%
2020-06-05 07:57,5.0%
2020-06-05 07:58,3.8%
2020-06-05 07:59,0.3%
2020-06-05 08:00,5.2%
2020-06-05 08:01,0.5%
2020-06-05 08:02,0.8%
2020-06-05 08:03,5.8%
2020-06-05 08:04,0.5%
2020-06-05 08:05,2.9%
2020-06-05 08:06,0.3%
2020-06-05 08:07,0.3%
2020-06-05 08:08,1.4%
2020-06-05 08:09,0.3%
2020-06-05 08:10,7.6%
2020-06-05 08:11,0.3%
2020-06-05 08:12,0.5%
2020-06-05 08:13,2.9%
2020-06-05 08:14,4.9%
2020-06-05 08:15,3.7%
2020-06-05 08:16,0.2%
2020-06-05 08:17,0.3%
2020-06-05 08:18,4.0%
2020-06-05 08:19,0.4%
2020-06-05 08:20,8.5%
2020-06-05 08:21,0.3%
2020-06-05 08:22,0.5%
2020-06-05 08:23,1.9%
2020-06-05 08:24,1.5%
2020-06-05 08:25,36.4%
2020-06-05 08:26,8.5%
2020-06-05 08:27,0.2%
2020-06-05 08:28,4.7%
2020-06-05 08:29,0.3%
2020-06-05 08:30,8.3%
2020-06-05 08:31,0.3%
2020-06-05 08:32,0.5%
2020-06-05 08:33,2.1%
2020-06-05 08:34,5.0%
2020-06-05 08:35,2.5%
2020-06-05 08:36,0.2%
2020-06-05 08:37,0.3%
2020-06-05 08:38,3.9%
2020-06-05 08:39,0.3%
2020-06-05 08:40,10.4%
2020-06-05 08:41,0.3%
2020-06-05 08:42,0.5%
2020-06-05 08:43,4.2%
2020-06-05 08:44,0.4%
2020-06-05 08:45,3.3%
2020-06-05 08:46,0.3%
2020-06-05 08:47,0.2%
2020-06-05 08:48,3.8%
2020-06-05 08:49,0.3%
2020-06-05 08:50,11.1%
2020-06-05 08:51,0.2%
2020-06-05 08:52,1.1%
2020-06-05 08:53,2.0%
2020-06-05 08:54,2.7%
2020-06-05 08:55,20.4%
2020-06-05 08:56,8.3%
2020-06-05 08:57,1.6%
2020-06-05 08:58,3.0%
2020-06-05 08:59,0.3%
2020-06-05 09:00,10.8%
2020-06-05 09:01,0.3%
2020-06-05 09:02,0.5%
2020-06-05 09:03,4.0%
2020-06-05 09:04,0.5%
2020-06-05 09:05,2.7%
2020-06-05 09:06,0.4%
2020-06-05 09:07,0.6%
2020-06-05 09:08,2.2%
2020-06-05 09:09,0.5%
2020-06-05 09:10,10.4%
2020-06-05 09:11,0.3%
2020-06-05 09:12,0.4%
2020-06-05 09:13,3.1%
2020-06-05 09:14,5.1%
2020-06-05 09:15,3.1%
2020-06-05 09:16,0.3%
2020-06-05 09:17,0.3%
2020-06-05 09:18,2.2%
2020-06-05 09:19,0.2%
2020-06-05 09:20,12.1%
2020-06-05 09:21,0.3%
2020-06-05 09:22,1.0%
2020-06-05 09:23,2.9%
2020-06-05 09:24,51.9%
2020-06-05 09:25,23.5%
2020-06-05 09:26,0.8%
2020-06-05 09:27,0.6%
2020-06-05 09:28,4.0%
2020-06-05 09:29,0.3%
2020-06-05 09:30,12.3%
2020-06-05 09:31,0.2%
2020-06-05 09:32,0.5%
2020-06-05 09:33,2.7%
2020-06-05 09:34,4.2%
2020-06-05 09:35,2.7%
2020-06-05 09:36,0.7%
2020-06-05 09:37,0.2%
2020-06-05 09:38,2.9%
2020-06-05 09:39,0.2%
2020-06-05 09:40,12.6%
2020-06-05 09:41,0.3%
2020-06-05 09:42,0.5%
2020-06-05 09:43,4.1%
2020-06-05 09:44,0.4%
2020-06-05 09:45,3.5%
2020-06-05 09:46,0.3%
2020-06-05 09:47,0.3%
2020-06-05 09:48,1.5%
2020-06-05 09:49,0.4%
2020-06-05 09:50,13.8%
2020-06-05 09:51,0.3%
2020-06-05 09:52,1.2%
2020-06-05 09:53,2.2%
2020-06-05 09:54,5.6%
2020-06-05 09:55,45.2%
2020-06-05 09:56,7.3%
2020-06-05 09:57,1.4%
2020-06-05 09:58,3.1%
2020-06-05 09:59,0.3%
2020-06-05 10:00,13.5%
2020-06-05 10:01,0.7%
2020-06-05 10:02,2.5%
2020-06-05 10:03,4.5%
2020-06-05 10:04,0.5%
2020-06-05 10:05,3.7%
2020-06-05 10:06,2.7%
2020-06-05 10:07,0.4%
2020-06-05 10:08,7.8%
2020-06-05 10:09,0.4%
2020-06-05 10:10,12.7%
2020-06-05 10:11,0.2%
2020-06-05 10:12,0.9%
2020-06-05 10:13,3.3%
2020-06-05 10:14,6.7%
2020-06-05 10:15,4.3%
2020-06-05 10:16,0.3%
2020-06-05 10:17,0.3%
2020-06-05 10:18,5.5%
2020-06-05 10:19,0.4%
2020-06-05 10:20,13.5%
2020-06-05 10:21,0.3%
2020-06-05 10:22,0.4%
2020-06-05 10:23,4.9%
2020-06-05 10:24,12.6%
2020-06-05 10:25,25.1%
2020-06-05 10:26,5.5%
2020-06-05 10:27,24.5%
2020-06-05 10:28,1.7%
2020-06-05 10:29,0.4%
2020-06-05 10:30,12.9%
2020-06-05 10:31,0.3%
2020-06-05 10:32,0.5%
2020-06-05 10:33,2.6%
2020-06-05 10:34,3.7%
2020-06-05 10:35,6.9%
2020-06-05 10:36,0.3%
2020-06-05 10:37,0.2%
2020-06-05 10:38,5.0%
2020-06-05 10:39,0.3%
2020-06-05 10:40,11.1%
2020-06-05 10:41,0.2%
2020-06-05 10:42,0.3%
2020-06-05 10:43,4.3%
2020-06-05 10:44,0.3%
2020-06-05 10:45,3.7%
2020-06-05 10:46,0.5%
2020-06-05 10:47,2.1%
2020-06-05 10:48,4.1%
2020-06-05 10:49,0.2%
2020-06-05 10:50,6.9%
2020-06-05 10:51,0.4%
2020-06-05 10:52,0.5%
2020-06-05 10:53,2.1%
2020-06-05 10:54,9.7%
2020-06-05 10:55,48.4%
2020-06-05 10:56,13.6%
2020-06-05 10:57,4.4%
2020-06-05 10:58,4.2%
2020-06-05 10:59,0.3%
2020-06-05 11:00,7.1%
2020-06-05 11:01,0.7%
2020-06-05 11:02,0.5%
2020-06-05 11:03,3.9%
2020-06-05 11:04,0.2%
2020-06-05 11:05,3.1%
2020-06-05 11:06,0.3%
2020-06-05 11:07,0.3%
2020-06-05 11:08,4.0%
2020-06-05 11:09,0.3%
2020-06-05 11:10,8.3%
2020-06-05 11:11,0.4%
2020-06-05 11:12,2.2%
2020-06-05 11:13,2.0%
2020-06-05 11:14,4.2%
2020-06-05 11:15,4.9%
2020-06-05 11:16,0.5%
2020-06-05 11:17,0.3%
2020-06-05 11:18,3.9%
2020-06-05 11:19,0.3%
2020-06-05 11:20,8.4%
2020-06-05 11:21,0.2%
2020-06-05 11:22,0.5%
2020-06-05 11:23,2.3%
2020-06-05 11:24,13.0%
2020-06-05 11:25,21.0%
2020-06-05 11:26,1.1%
2020-06-05 11:27,0.3%
2020-06-05 11:28,4.4%
2020-06-05 11:29,0.7%
2020-06-05 11:30,9.5%
2020-06-05 11:31,0.3%
2020-06-05 11:32,3.3%
2020-06-05 11:33,2.2%
2020-06-05 11:34,4.4%
2020-06-05 11:35,2.9%
2020-06-05 11:36,0.2%
2020-06-05 11:37,0.3%
2020-06-05 11:38,3.3%
2020-06-05 11:39,0.3%
2020-06-05 11:40,9.9%
2020-06-05 11:41,0.3%
2020-06-05 11:42,0.7%
2020-06-05 11:43,4.0%
2020-06-05 11:44,0.4%
2020-06-05 11:45,3.7%
2020-06-05 11:46,0.3%
2020-06-05 11:47,0.3%
2020-06-05 11:48,5.8%
2020-06-05 11:49,0.2%
2020-06-05 11:50,10.7%
2020-06-05 11:51,0.2%
2020-06-05 11:52,0.7%
2020-06-05 11:53,1.7%
2020-06-05 11:54,3.1%
2020-06-05 11:55,24.9%
2020-06-05 11:56,7.5%
2020-06-05 11:57,1.9%
2020-06-05 11:58,6.0%
2020-06-05 11:59,0.3%
2020-06-05 12:00,11.2%
2020-06-05 12:01,0.5%
2020-06-05 12:02,0.9%
2020-06-05 12:03,5.6%
2020-06-05 12:04,0.5%
2020-06-05 12:05,3.5%
2020-06-05 12:06,0.3%
2020-06-05 12:07,0.4%
2020-06-05 12:08,4.1%
2020-06-05 12:09,0.3%
2020-06-05 12:10,10.5%
2020-06-05 12:11,0.2%
2020-06-05 12:12,0.3%
2020-06-05 12:13,1.9%
2020-06-05 12:14,5.0%
2020-06-05 12:15,3.5%
2020-06-05 12:16,0.3%
2020-06-05 12:17,0.3%
2020-06-05 12:18,3.8%
2020-06-05 12:19,0.4%
2020-06-05 12:20,13.8%
2020-06-05 12:21,0.3%
2020-06-05 12:22,0.3%
2020-06-05 12:23,2.6%
2020-06-05 12:24,13.1%
2020-06-05 12:25,22.3%
2020-06-05 12:26,0.8%
2020-06-05 12:27,0.3%
2020-06-05 12:28,4.2%
2020-06-05 12:29,0.4%
2020-06-05 12:30,11.1%
2020-06-05 12:31,0.2%
2020-06-05 12:32,2.3%
2020-06-05 12:33,2.4%
2020-06-05 12:34,4.3%
2020-06-05 12:35,3.0%
2020-06-05 12:36,0.3%
2020-06-05 12:37,0.3%
2020-06-05 12:38,3.5%
2020-06-05 12:39,0.3%
2020-06-05 12:40,11.1%
2020-06-05 12:41,0.2%
2020-06-05 12:42,0.4%
2020-06-05 12:43,4.4%
2020-06-05 12:44,0.3%
2020-06-05 12:45,3.7%
2020-06-05 12:46,0.3%
2020-06-05 12:47,0.2%
2020-06-05 12:48,4.3%
2020-06-05 12:49,0.3%
2020-06-05 12:50,13.1%
2020-06-05 12:51,0.4%
2020-06-05 12:52,0.5%
2020-06-05 12:53,2.1%
2020-06-05 12:54,4.6%
2020-06-05 12:55,27.9%
2020-06-05 12:56,7.3%
2020-06-05 12:57,3.4%
2020-06-05 12:58,4.6%
2020-06-05 12:59,0.2%
2020-06-05 13:00,12.1%
2020-06-05 13:01,0.4%
2020-06-05 13:02,0.5%
2020-06-05 13:03,4.6%
2020-06-05 13:04,0.5%
2020-06-05 13:05,3.3%
2020-06-05 13:06,0.2%
2020-06-05 13:07,0.3%
2020-06-05 13:08,2.6%
2020-06-05 13:09,0.2%
2020-06-05 13:10,11.4%
2020-06-05 13:11,0.2%
2020-06-05 13:12,0.5%
2020-06-05 13:13,3.5%
2020-06-05 13:14,3.5%
2020-06-05 13:15,8.8%
2020-06-05 13:16,0.3%
2020-06-05 13:17,0.3%
2020-06-05 13:18,4.0%
2020-06-05 13:19,0.9%
2020-06-05 13:20,13.7%
2020-06-05 13:21,0.2%
2020-06-05 13:22,0.3%
2020-06-05 13:23,2.6%
2020-06-05 13:24,13.9%
2020-06-05 13:25,23.9%
2020-06-05 13:26,0.8%
2020-06-05 13:27,0.3%
2020-06-05 13:28,3.7%
2020-06-05 13:29,0.2%
2020-06-05 13:30,12.5%
2020-06-05 13:31,0.2%
2020-06-05 13:32,2.4%
2020-06-05 13:33,3.1%
2020-06-05 13:34,5.1%
2020-06-05 13:35,2.7%
2020-06-05 13:36,0.3%
2020-06-05 13:37,0.3%
2020-06-05 13:38,0.2%
2020-06-05 13:39,0.4%
2020-06-05 13:40,7.3%
2020-06-05 13:41,0.2%
2020-06-05 13:42,0.9%
2020-06-05 13:43,4.1%
2020-06-05 13:44,0.3%
2020-06-05 13:45,3.5%
2020-06-05 13:46,0.3%
2020-06-05 13:47,0.3%
2020-06-05 13:48,4.1%
2020-06-05 13:49,0.2%
2020-06-05 13:50,7.6%
2020-06-05 13:51,0.2%
2020-06-05 13:52,0.4%
2020-06-05 13:53,2.0%
2020-06-05 13:54,2.8%
2020-06-05 13:55,20.2%
2020-06-05 13:56,2.2%
2020-06-05 13:57,1.3%
2020-06-05 13:58,2.4%
2020-06-05 13:59,0.9%
2020-06-05 14:00,9.2%
2020-06-05 14:01,36.3%
2020-06-05 14:02,1.3%
2020-06-05 14:03,7.8%
2020-06-05 14:04,5.3%
2020-06-05 14:05,3.1%
2020-06-05 14:06,0.2%
2020-06-05 14:07,0.2%
2020-06-05 14:08,6.8%
2020-06-05 14:09,0.1%
2020-06-05 14:10,9.0%
2020-06-05 14:11,0.2%
2020-06-05 14:12,3.4%
2020-06-05 14:13,4.7%
2020-06-05 14:14,5.1%
2020-06-05 14:15,3.9%
2020-06-05 14:16,0.2%
2020-06-05 14:17,0.1%
2020-06-05 14:18,3.7%
2020-06-05 14:19,0.3%
2020-06-05 14:20,10.3%
2020-06-05 14:21,0.5%
2020-06-05 14:22,1.8%
2020-06-05 14:23,2.3%
2020-06-05 14:24,13.9%
2020-06-05 14:25,22.1%
2020-06-05 14:26,0.8%
2020-06-05 14:27,0.3%
2020-06-05 14:28,6.2%
2020-06-05 14:29,0.3%
2020-06-05 14:30,10.0%
2020-06-05 14:31,0.3%
2020-06-05 14:32,0.5%
2020-06-05 14:33,3.2%
2020-06-05 14:34,4.9%
2020-06-05 14:35,3.2%
2020-06-05 14:36,0.2%
2020-06-05 14:37,0.3%
2020-06-05 14:38,4.0%
2020-06-05 14:39,0.2%
2020-06-05 14:40,10.0%
2020-06-05 14:41,0.2%
2020-06-05 14:42,3.7%
2020-06-05 14:43,4.4%
2020-06-05 14:44,0.5%
2020-06-05 14:45,4.9%
2020-06-05 14:46,0.3%
2020-06-05 14:47,0.3%
2020-06-05 14:48,4.2%
2020-06-05 14:49,0.3%
2020-06-05 14:50,11.6%
2020-06-05 14:51,0.3%
2020-06-05 14:52,0.7%
2020-06-05 14:53,2.8%
2020-06-05 14:54,5.2%
2020-06-05 14:55,35.6%
2020-06-05 14:56,15.2%
2020-06-05 14:57,1.5%
2020-06-05 14:58,2.0%
2020-06-05 14:59,2.9%
2020-06-05 15:00,11.3%
2020-06-05 15:01,0.3%
2020-06-05 15:02,0.5%
2020-06-05 15:03,7.8%
2020-06-05 15:04,0.1%
2020-06-05 15:05,3.2%
2020-06-05 15:06,0.3%
2020-06-05 15:07,0.2%
2020-06-05 15:08,5.9%
2020-06-05 15:09,0.3%
2020-06-05 15:10,11.3%
2020-06-05 15:11,0.3%
2020-06-05 15:12,0.3%
2020-06-05 15:13,3.9%
2020-06-05 15:14,4.7%
2020-06-05 15:15,3.9%
2020-06-05 15:16,0.3%
2020-06-05 15:17,0.2%
2020-06-05 15:18,5.9%
2020-06-05 15:19,0.3%
2020-06-05 15:20,11.1%
2020-06-05 15:21,0.3%
2020-06-05 15:22,0.3%
2020-06-05 15:23,3.8%
2020-06-05 15:24,13.4%
2020-06-05 15:25,25.4%
2020-06-05 15:26,1.4%
2020-06-05 15:27,0.3%
2020-06-05 15:28,4.1%
2020-06-05 15:29,0.3%
2020-06-05 15:30,14.4%
2020-06-05 15:31,0.2%
2020-06-05 15:32,0.9%
2020-06-05 15:33,2.2%
2020-06-05 15:34,100.0%
2020-06-05 15:35,23.3%
2020-06-05 15:36,20.4%
2020-06-05 15:37,20.5%
2020-06-05 15:38,22.0%
2020-06-05 15:39,20.6%
2020-06-05 15:40,30.4%
2020-06-05 15:41,0.2%
2020-06-05 15:42,0.3%
2020-06-05 15:43,1.5%
2020-06-05 15:44,0.3%
2020-06-05 15:45,3.1%
2020-06-05 15:46,0.2%
2020-06-05 15:47,0.3%
2020-06-05 15:48,3.8%
2020-06-05 15:49,0.3%
2020-06-05 15:50,10.7%
2020-06-05 15:51,0.2%
2020-06-05 15:52,2.6%
2020-06-05 15:53,2.3%
2020-06-05 15:54,2.7%
2020-06-05 15:55,21.9%
2020-06-05 15:56,1.3%
2020-06-05 15:57,7.8%
2020-06-05 15:58,0.9%
2020-06-05 15:59,0.3%
2020-06-05 16:00,10.9%
2020-06-05 16:01,1.1%
2020-06-05 16:02,0.7%
2020-06-05 16:03,5.0%
2020-06-05 16:04,0.3%
2020-06-05 16:05,3.6%
2020-06-05 16:06,0.5%
2020-06-05 16:07,0.5%
2020-06-05 16:08,1.1%
2020-06-05 16:09,0.5%
2020-06-05 16:10,11.2%
2020-06-05 16:11,0.5%
2020-06-05 16:12,0.5%
2020-06-05 16:13,2.5%
2020-06-05 16:14,5.1%
2020-06-05 16:15,3.7%
2020-06-05 16:16,0.5%
2020-06-05 16:17,0.5%
2020-06-05 16:18,4.0%
2020-06-05 16:19,0.5%
2020-06-05 16:20,12.9%
2020-06-05 16:21,0.4%
2020-06-05 16:22,0.3%
2020-06-05 16:23,3.3%
2020-06-05 16:24,13.5%
2020-06-05 16:25,22.8%
2020-06-05 16:26,0.9%
2020-06-05 16:27,12.7%
2020-06-05 16:28,2.5%
2020-06-05 16:29,0.5%
2020-06-05 16:30,11.6%
2020-06-05 16:31,0.3%
2020-06-05 16:32,0.5%
2020-06-05 16:33,2.3%
2020-06-05 16:34,4.8%
2020-06-05 16:35,5.9%
2020-06-05 16:36,0.1%
2020-06-05 16:37,0.3%
2020-06-05 16:38,1.9%
2020-06-05 16:39,0.3%
2020-06-05 16:40,11.6%
2020-06-05 16:41,0.4%
2020-06-05 16:42,0.6%
2020-06-05 16:43,4.4%
2020-06-05 16:44,0.3%
2020-06-05 16:45,3.5%
2020-06-05 16:46,0.2%
2020-06-05 16:47,0.5%
2020-06-05 16:48,3.8%
2020-06-05 16:49,3.4%
2020-06-05 16:50,15.2%
2020-06-05 16:51,2.3%
2020-06-05 16:52,12.9%
2020-06-05 16:53,2.2%
2020-06-05 16:54,14.4%
2020-06-05 16:55,21.1%
2020-06-05 16:56,15.7%
2020-06-05 16:57,4.2%
2020-06-05 16:58,1.9%
2020-06-05 16:59,0.4%
2020-06-05 17:00,12.9%
2020-06-05 17:01,0.3%
2020-06-05 17:02,0.3%
2020-06-05 17:03,5.7%
2020-06-05 17:04,0.5%
2020-06-05 17:05,3.7%
2020-06-05 17:06,0.3%
2020-06-05 17:07,0.4%
2020-06-05 17:08,4.2%
2020-06-05 17:09,0.4%
2020-06-05 17:10,20.4%
2020-06-05 17:11,0.2%
2020-06-05 17:12,5.5%
2020-06-05 17:13,2.9%
2020-06-05 17:14,4.7%
2020-06-05 17:15,9.1%
2020-06-05 17:16,0.2%
2020-06-05 17:17,0.4%
2020-06-05 17:18,4.2%
2020-06-05 17:19,0.5%
2020-06-05 17:20,27.7%
2020-06-05 17:21,0.2%
2020-06-05 17:22,2.6%
2020-06-05 17:23,3.4%
2020-06-05 17:24,13.2%
2020-06-05 17:25,23.9%
2020-06-05 17:26,1.0%
2020-06-05 17:27,11.9%
2020-06-05 17:28,4.4%
2020-06-05 17:29,0.5%
2020-06-05 17:30,9.4%
2020-06-05 17:31,0.5%
2020-06-05 17:32,0.3%
2020-06-05 17:33,3.1%
2020-06-05 17:34,4.4%
2020-06-05 17:35,2.8%
2020-06-05 17:36,0.5%
2020-06-05 17:37,0.5%
2020-06-05 17:38,4.2%
2020-06-05 17:39,0.4%
2020-06-05 17:40,8.7%
2020-06-05 17:41,0.5%
2020-06-05 17:42,1.7%
2020-06-05 17:43,5.2%
2020-06-05 17:44,0.5%
2020-06-05 17:45,3.4%
2020-06-05 17:46,0.6%
2020-06-05 17:47,0.5%
2020-06-05 17:48,8.4%
2020-06-05 17:49,0.5%
2020-06-05 17:50,7.8%
2020-06-05 17:51,0.5%
2020-06-05 17:52,4.9%
2020-06-05 17:53,2.4%
2020-06-05 17:54,2.6%
2020-06-05 17:55,25.3%
2020-06-05 17:56,1.5%
2020-06-05 17:57,3.6%
2020-06-05 17:58,4.1%
2020-06-05 17:59,0.3%
2020-06-05 18:00,9.3%
2020-06-05 18:01,1.3%
2020-06-05 18:02,0.9%
2020-06-05 18:03,4.8%
2020-06-05 18:04,0.7%
2020-06-05 18:05,3.2%
2020-06-05 18:06,0.7%
2020-06-05 18:07,0.5%
2020-06-05 18:08,3.4%
2020-06-05 18:09,0.5%
2020-06-05 18:10,10.7%
2020-06-05 18:11,0.4%
2020-06-05 18:12,0.7%
2020-06-05 18:13,1.7%
2020-06-05 18:14,3.5%
2020-06-05 18:15,8.6%
2020-06-05 18:16,0.5%
2020-06-05 18:17,0.5%
2020-06-05 18:18,4.8%
2020-06-05 18:19,0.7%
2020-06-05 18:20,12.1%
2020-06-05 18:21,0.4%
2020-06-05 18:22,1.3%
2020-06-05 18:23,1.1%
2020-06-05 18:24,14.3%
2020-06-05 18:25,27.8%
2020-06-05 18:26,0.8%
2020-06-05 18:27,0.4%
2020-06-05 18:28,4.5%
2020-06-05 18:29,0.5%
2020-06-05 18:30,11.1%
2020-06-05 18:31,0.5%
2020-06-05 18:32,0.7%
2020-06-05 18:33,2.6%
2020-06-05 18:34,2.1%
2020-06-05 18:35,8.1%
2020-06-05 18:36,0.4%
2020-06-05 18:37,0.4%
2020-06-05 18:38,3.5%
2020-06-05 18:39,0.3%
2020-06-05 18:40,10.7%
2020-06-05 18:41,0.4%
2020-06-05 18:42,12.8%
2020-06-05 18:43,4.3%
2020-06-05 18:44,0.8%
2020-06-05 18:45,3.8%
2020-06-05 18:46,0.4%
2020-06-05 18:47,0.4%
2020-06-05 18:48,5.0%
2020-06-05 18:49,0.5%
2020-06-05 18:50,11.6%
2020-06-05 18:51,0.5%
2020-06-05 18:52,1.1%
2020-06-05 18:53,2.3%
2020-06-05 18:54,3.5%
2020-06-05 18:55,39.4%
2020-06-05 18:56,6.1%
2020-06-05 18:57,13.9%
2020-06-05 18:58,3.5%
2020-06-05 18:59,0.5%
2020-06-05 19:00,13.6%
2020-06-05 19:01,1.5%
2020-06-05 19:02,0.8%
2020-06-05 19:03,3.2%
2020-06-05 19:04,14.6%
2020-06-05 19:05,4.1%
2020-06-05 19:06,0.3%
2020-06-05 19:07,0.4%
2020-06-05 19:08,3.1%
2020-06-05 19:09,0.6%
2020-06-05 19:10,13.6%
2020-06-05 19:11,0.5%
2020-06-05 19:12,1.7%
2020-06-05 19:13,1.9%
2020-06-05 19:14,3.0%
2020-06-05 19:15,20.9%
2020-06-05 19:16,1.9%
2020-06-05 19:17,0.5%
2020-06-05 19:18,4.6%
2020-06-05 19:19,0.5%
2020-06-05 19:20,13.4%
2020-06-05 19:21,0.4%
2020-06-05 19:22,1.0%
2020-06-05 19:23,2.3%
2020-06-05 19:24,1.1%
2020-06-05 19:25,34.9%
2020-06-05 19:26,11.7%
2020-06-05 19:27,7.2%
2020-06-05 19:28,1.2%
2020-06-05 19:29,1.5%
2020-06-05 19:30,15.9%
2020-06-05 19:31,0.5%
2020-06-05 19:32,1.4%
2020-06-05 19:33,1.5%
2020-06-05 19:34,3.6%
2020-06-05 19:35,25.9%
2020-06-05 19:36,6.8%
2020-06-05 19:37,5.3%
2020-06-05 19:38,3.1%
2020-06-05 19:39,0.5%
2020-06-05 19:40,11.9%
2020-06-05 19:41,0.3%
2020-06-05 19:42,0.6%
2020-06-05 19:43,2.6%
2020-06-05 19:44,8.2%
2020-06-05 19:45,4.8%
2020-06-05 19:46,0.4%
2020-06-05 19:47,0.5%
2020-06-05 19:48,4.8%
2020-06-05 19:49,0.5%
2020-06-05 19:50,11.0%
2020-06-05 19:51,0.3%
2020-06-05 19:52,1.6%
2020-06-05 19:53,1.6%
2020-06-05 19:54,1.7%
2020-06-05 19:55,25.8%
2020-06-05 19:56,4.5%
2020-06-05 19:57,2.7%
2020-06-05 19:58,4.3%
2020-06-05 19:59,24.5%
2020-06-05 20:00,100.0%
2020-06-05 20:01,2.9%
2020-06-05 20:02,0.8%
2020-06-05 20:03,3.1%
2020-06-05 20:04,12.4%
2020-06-05 20:05,3.3%
2020-06-05 20:06,0.1%
2020-06-05 20:07,0.4%
2020-06-05 20:08,3.0%
2020-06-05 20:09,0.3%
2020-06-05 20:10,10.7%
2020-06-05 20:11,0.3%
2020-06-05 20:12,0.4%
2020-06-05 20:13,5.2%
2020-06-05 20:14,3.4%
2020-06-05 20:15,23.9%
2020-06-05 20:16,2.1%
2020-06-05 20:17,0.3%
2020-06-05 20:18,5.3%
2020-06-05 20:19,0.3%
2020-06-05 20:20,13.0%
2020-06-05 20:21,0.1%
2020-06-05 20:22,1.3%
2020-06-05 20:23,2.2%
2020-06-05 20:24,0.9%
2020-06-05 20:25,34.9%
2020-06-05 20:26,8.5%
2020-06-05 20:27,7.9%
2020-06-05 20:28,1.1%
2020-06-05 20:29,1.5%
2020-06-05 20:30,12.1%
2020-06-05 20:31,0.2%
2020-06-05 20:32,1.5%
2020-06-05 20:33,2.0%
2020-06-05 20:34,2.9%
2020-06-05 20:35,6.9%
2020-06-05 20:36,7.8%
2020-06-05 20:37,6.3%
2020-06-05 20:38,2.7%
2020-06-05 20:39,0.4%
2020-06-05 20:40,12.5%
2020-06-05 20:41,0.2%
2020-06-05 20:42,0.7%
2020-06-05 20:43,2.7%
2020-06-05 20:44,12.7%
2020-06-05 20:45,8.2%
2020-06-05 20:46,0.3%
2020-06-05 20:47,0.2%
2020-06-05 20:48,2.8%
2020-06-05 20:49,0.1%
2020-06-05 20:50,13.4%
2020-06-05 20:51,0.2%
2020-06-05 20:52,0.5%
2020-06-05 20:53,0.4%
2020-06-05 20:54,1.6%
2020-06-05 20:55,24.2%
2020-06-05 20:56,4.7%
2020-06-05 20:57,11.3%
2020-06-05 20:58,5.3%
2020-06-05 20:59,20.2%
2020-06-05 21:00,17.8%
2020-06-05 21:01,0.5%
2020-06-05 21:02,0.7%
2020-06-05 21:03,2.3%
2020-06-05 21:04,13.3%
2020-06-05 21:05,4.0%
2020-06-05 21:06,0.2%
2020-06-05 21:07,0.2%
2020-06-05 21:08,2.3%
2020-06-05 21:09,0.3%
2020-06-05 21:10,12.8%
2020-06-05 21:11,0.1%
2020-06-05 21:12,5.2%
2020-06-05 21:13,1.5%
2020-06-05 21:14,3.3%
2020-06-05 21:15,20.3%
2020-06-05 21:16,7.7%
2020-06-05 21:17,4.7%
2020-06-05 21:18,4.1%
2020-06-05 21:19,0.3%
2020-06-05 21:20,15.1%
2020-06-05 21:21,0.3%
2020-06-05 21:22,0.4%
2020-06-05 21:23,1.8%
2020-06-05 21:24,1.1%
2020-06-05 21:25,39.1%
2020-06-05 21:26,11.6%
2020-06-05 21:27,1.8%
2020-06-05 21:28,3.9%
2020-06-05 21:29,16.2%
2020-06-05 21:30,15.7%
2020-06-05 21:31,0.3%
2020-06-05 21:32,1.2%
2020-06-05 21:33,1.5%
2020-06-05 21:34,3.6%
2020-06-05 21:35,17.9%
2020-06-05 21:36,8.6%
2020-06-05 21:37,1.7%
2020-06-05 21:38,4.1%
2020-06-05 21:39,0.3%
2020-06-05 21:40,12.7%
2020-06-05 21:41,0.2%
2020-06-05 21:42,0.5%
2020-06-05 21:43,3.0%
2020-06-05 21:44,1.7%
2020-06-05 21:45,16.4%
2020-06-05 21:46,0.3%
2020-06-05 21:47,0.2%
2020-06-05 21:48,2.6%
2020-06-05 21:49,0.3%
2020-06-05 21:50,11.1%
2020-06-05 21:51,0.1%
2020-06-05 21:52,0.7%
2020-06-05 21:53,1.7%
2020-06-05 21:54,1.5%
2020-06-05 21:55,26.0%
2020-06-05 21:56,4.4%
2020-06-05 21:57,13.3%
2020-06-05 21:58,3.6%
2020-06-05 21:59,21.5%
2020-06-05 22:00,17.6%
2020-06-05 22:01,1.1%
2020-06-05 22:02,0.7%
2020-06-05 22:03,2.3%
2020-06-05 22:04,6.4%
2020-06-05 22:05,8.6%
2020-06-05 22:06,0.3%
2020-06-05 22:07,0.3%
2020-06-05 22:08,0.9%
2020-06-05 22:09,0.4%
2020-06-05 22:10,14.0%
2020-06-05 22:11,0.2%
2020-06-05 22:12,0.3%
2020-06-05 22:13,1.5%
2020-06-05 22:14,2.9%
2020-06-05 22:15,22.4%
2020-06-05 22:16,7.2%
2020-06-05 22:17,0.3%
2020-06-05 22:18,4.6%
2020-06-05 22:19,0.3%
2020-06-05 22:20,13.6%
2020-06-05 22:21,0.2%
2020-06-05 22:22,0.7%
2020-06-05 22:23,2.7%
2020-06-05 22:24,2.0%
2020-06-05 22:25,34.8%
2020-06-05 22:26,1.4%
2020-06-05 22:27,5.5%
2020-06-05 22:28,5.3%
2020-06-05 22:29,0.4%
2020-06-05 22:30,10.8%
2020-06-05 22:31,0.3%
2020-06-05 22:32,0.3%
2020-06-05 22:33,1.9%
2020-06-05 22:34,3.5%
2020-06-05 22:35,7.2%
2020-06-05 22:36,2.1%
2020-06-05 22:37,0.3%
2020-06-05 22:38,3.0%
2020-06-05 22:39,0.2%
2020-06-05 22:40,7.9%
2020-06-05 22:41,0.3%
2020-06-05 22:42,0.3%
2020-06-05 22:43,5.5%
2020-06-05 22:44,0.5%
2020-06-05 22:45,3.3%
2020-06-05 22:46,0.3%
2020-06-05 22:47,0.3%
2020-06-05 22:48,2.7%
2020-06-05 22:49,0.4%
2020-06-05 22:50,9.0%
2020-06-05 22:51,0.3%
2020-06-05 22:52,0.3%
2020-06-05 22:53,4.5%
2020-06-05 22:54,2.1%
2020-06-05 22:55,23.9%
2020-06-05 22:56,4.5%
2020-06-05 22:57,5.8%
2020-06-05 22:58,4.7%
2020-06-05 22:59,8.4%
2020-06-05 23:00,12.0%
2020-06-05 23:01,0.7%
2020-06-05 23:02,0.6%
2020-06-05 23:03,1.8%
2020-06-05 23:04,0.4%
2020-06-05 23:05,2.8%
2020-06-05 23:06,0.5%
2020-06-05 23:07,0.3%
2020-06-05 23:08,1.9%
2020-06-05 23:09,0.3%
2020-06-05 23:10,8.7%
2020-06-05 23:11,0.2%
2020-06-05 23:12,0.8%
2020-06-05 23:13,2.3%
2020-06-05 23:14,6.3%
2020-06-05 23:15,7.0%
2020-06-05 23:16,1.3%
2020-06-05 23:17,0.2%
2020-06-05 23:18,1.7%
2020-06-05 23:19,0.3%
2020-06-05 23:20,11.0%
2020-06-05 23:21,0.3%
2020-06-05 23:22,0.5%
2020-06-05 23:23,1.6%
2020-06-05 23:24,4.9%
2020-06-05 23:25,36.7%
2020-06-05 23:26,1.5%
2020-06-05 23:27,5.3%
2020-06-05 23:28,3.3%
2020-06-05 23:29,0.2%
2020-06-05 23:30,12.7%
2020-06-05 23:31,0.4%
2020-06-05 23:32,0.8%
2020-06-05 23:33,1.8%
2020-06-05 23:34,13.8%
2020-06-05 23:35,6.5%
2020-06-05 23:36,2.7%
2020-06-05 23:37,3.3%
2020-06-05 23:38,2.3%
2020-06-05 23:39,0.3%
2020-06-05 23:40,11.0%
2020-06-05 23:41,0.3%
2020-06-05 23:42,1.3%
2020-06-05 23:43,2.0%
2020-06-05 23:44,0.4%
2020-06-05 23:45,3.4%
2020-06-05 23:46,0.3%
2020-06-05 23:47,0.3%
2020-06-05 23:48,4.6%
2020-06-05 23:49,0.3%
2020-06-05 23:50,12.1%
2020-06-05 23:51,0.3%
2020-06-05 23:52,0.3%
2020-06-05 23:53,0.3%
2020-06-05 23:54,4.9%
2020-06-05 23:55,38.1%
2020-06-05 23:56,16.6%
2020-06-05 23:57,2.3%
2020-06-05 23:58,4.8%
2020-06-05 23:59,0.8%
